"Intercept","Slope"
2.13531809598582,1.48669780044226
